Workbook

Sheet Definition
A2: Evaluate security tools effectiveness in a DevSecOps pipeline.
A3: Tool | B3: Test Case Category | C3: Test Case Example | D3: Success Formula
A4: CodeQL | B4: Code Vulnerability Detection | C4: SQL Injection in app.py line 45 | D4: (True Positives / Total Findings) × 100
A5: SnykCode | B5: Dependency & Code Risk Analysis | C5: Outdated flask==1.0.0 in requirements.txt | D5: (Critical Risks Mitigated / Total Risks) × 100
A6: Trivy | B6: Container/Image Scanning | C6: CVE-2023-1234 in Docker python:3.8 image | D6: (Patched Vulnerabilities / Total CVEs) × 100
A7: detect-secrets | B7: Secret Leak Prevention | C7: Hardcoded AWS Key in config.yml line 12 | D7: (Secrets Remediated / Total Secrets) × 100
A8: CodeScanAI | B8: AI-Powered Code Review | C8: SSTI in render_template() usage | D8: (Valid Findings / Total Findings) × 100

Sheet Formula
A1: # Example calculation for CodeQL
A2: true_positives = 140 | B2: 140
A3: false_positives = 5 | B3: 35
A4: crach=30
A5: total_tests = 151 | B5: 151
A6: success_pct = ((true_positives - false_positives) / total_tests) * 100 # 80%
B7: =B2-B3 -> 105
B8: =B7/175 -> 0.6
A9: success_pct | B9: =B8*1 -> 0.6
A15: total runs | B15: 175
A18: 1. Academic Metric:
A20: Assign weights based on tool criticality (e.g., CodeQL=30%, Trivy=25%).
A21: Publish precision/recall metrics alongside effectiveness scores.

Sheet Test Case 1
A1: Tool | B1: Test Case ID | C1: Description | D1: Type | E1: Expected Result | F1: Actual Result | G1: Status | H1: Date | I1: Notes
A2: CodeQL | B2: TC-001 | C2: SQL Injection in app.py L45 | D2: SQLi | E2: Vulnerability Found | F2: Flagged | G2: =IF(F3=E3, "Pass", "Fail") -> Fail | H2: 45746 | I2: Manual review required | J2: =IF(F3=E3, "Pass", "Fail") -> Fail
A3: Trivy | B3: TC-002 | C3: CVE-2023-1234 in python:3.8 | D3: CVE | E3: Vulnerability Found | F3: Not Detected | G3: =IF(F4=E4, "Pass", "Fail") -> Fail | H3: 45746 | I3: Needs patching
A4: detect-secrets | B4: TC-003 | C4: config.yml | D4: Secret | E4: Secret Flagged | F4: Flagged | G4: =IF(F5=E5, "Pass", "Fail") -> Pass | H4: 45746 | I4: False positive
A5: CodeScanAI | B5: TC-004 | C5: None | D5: Code | E5: None | F5: None | G5: Pass | H5: 45746 | I5: None
A6: SnykCode | B6: TC-005 | C6: None | D6: Vulnerability | E6: Vulnerability Found | F6: Flagged | G6: =IF(F7=E7, "Pass", "Fail") -> Pass | H6: 45746 | I6: Manual review required

Sheet Test Case 2
A1: Tool | B1: Total Cases | C1: True Positives | D1: False Positives | E1: False Negatives | F1: Success %
A2: CodeQL | B2: =COUNTIF('Test Case 1'!A:A, A2) -> 1 | C2: =COUNTIFS('Test Case 1'!A:A, A2, 'Test Case 1'!G:G, "Pass") -> 0 | D2: 2 | E2: 1 | F2: =((C2 - D2) / B2) * 100 -> -200
A3: Trivy | B3: =COUNTIF('Test Case 1'!A:A, A3) -> 1 | C3: =COUNTIFS('Test Case 1'!A:A, A3, 'Test Case 1'!G:G, "Pass") -> 0 | D3: 1 | E3: 0 | F3: =((C3 - D3) / B3) * 100 -> -100
A4: detect-secrets | B4: =COUNTIF('Test Case 1'!A:A, A4) -> 1 | C4: =COUNTIFS('Test Case 1'!A:A, A4, 'Test Case 1'!G:G, "Pass") -> 1 | F4: =((C4 - D4) / B4) * 100 -> 100
A5: CodeScanAI | B5: =COUNTIF('Test Case 1'!A:A, A5) -> 1 | C5: =COUNTIFS('Test Case 1'!A:A, A5, 'Test Case 1'!G:G, "Pass") -> 1 | F5: =((C5 - D5) / B5) * 100 -> 100
A6: SnykCode | B6: =COUNTIF('Test Case 1'!A:A, A6) -> 1 | C6: =COUNTIFS('Test Case 1'!A:A, A6, 'Test Case 1'!G:G, "Pass") -> 1 | F6: =((C6 - D6) / B6) * 100 -> 100
